{
  "z_age": [
    -3.1244,
    -1.7396,
    -1.4878,
    -1.299,
    -1.1101,
    -0.9213,
    -0.7954,
    -0.6065,
    -0.4177,
    -0.2918,
    -0.2289,
    -0.10300000000000001,
    0.0229,
    0.1488,
    0.2747,
    0.4006,
    0.5265,
    0.7153,
    0.9042,
    1.093,
    1.4707,
    4.1774
  ],
  "z_census_household_1p_pct": [
    -2.9141,
    -1.34,
    -1.0577,
    -0.8711,
    -0.7362,
    -0.6213,
    -0.5151,
    -0.4156,
    -0.3323,
    -0.2185,
    -0.1094,
    0.015,
    0.1576,
    0.2456,
    0.3748,
    0.504,
    0.793,
    0.9299,
    1.372,
    1.5299,
    1.727,
    2.5672
  ],
  "z_census_education_high_pct": [
    -1.4181,
    -0.9953999999999998,
    -0.8626,
    -0.771,
    -0.7055,
    -0.6457,
    -0.5896,
    -0.5204,
    -0.4623999999999999,
    -0.3745,
    -0.2642,
    -0.2006,
    -0.094,
    -0.0023,
    0.1529,
    0.2184,
    0.3848,
    0.6485,
    0.8954,
    1.3293,
    2.6647,
    4.7594
  ],
  "z_census_purchase_household": [
    -3.4114,
    -1.4853,
    -1.3232,
    -1.0067,
    -0.8426,
    -0.6401,
    -0.514,
    -0.4366,
    -0.2946,
    -0.1532,
    -0.0473,
    0.04150000000000001,
    0.202,
    0.3225,
    0.5084,
    0.6446,
    0.7557,
    0.9211,
    1.12,
    1.6078000000000001,
    7.5813
  ],
  "z_census_purchase_capita": [
    -1.5554,
    -1.1166,
    -0.9441,
    -0.8165,
    -0.6782,
    -0.5638,
    -0.4577,
    -0.3401,
    -0.253,
    -0.2246,
    -0.1445,
    -0.0312,
    0.0653,
    0.1856,
    0.284,
    0.457,
    0.5522,
    0.708,
    1.1172,
    1.5844,
    3.5881
  ],
  "z_census_household_cnt": [
    -0.5714,
    -0.5614,
    -0.5535,
    -0.548,
    -0.5425,
    -0.5371,
    -0.5301,
    -0.5209,
    -0.5105,
    -0.4951,
    -0.4769,
    -0.4512,
    -0.39949999999999997,
    -0.3196,
    -0.1516,
    0.3144,
    0.8288,
    1.1357,
    1.5220000000000002,
    2.286,
    4.0065
  ],
  "multiplay_cnt": [
    1.0,
    1.8,
    2.6,
    3.4000000000000004,
    4.2,
    5.0
  ],
  "z_line_cnt": [
    -0.1555,
    2.8993333333333333,
    5.954166666666667,
    9.009
  ],
  "z_sim_cnt": [
    -0.6735,
    0.34550000000000014,
    1.3645000000000003,
    2.3835000000000006,
    3.4025000000000007,
    4.421500000000001,
    5.440500000000001,
    6.459500000000001,
    7.478500000000001,
    8.4975,
    9.5165
  ],
  "fixed_prod_cat1_ind": [
    0.0,
    0.5,
    1.0
  ],
  "tenure_fixed_month": [
    0.0,
    8.0,
    17.0,
    29.0,
    40.0,
    50.0,
    61.0,
    73.0,
    88.0,
    101.0,
    116.0,
    137.0,
    173.0,
    200.0,
    222.0,
    248.0,
    279.0,
    313.0,
    348.0,
    356.0,
    362.0,
    429.0
  ],
  "tenure_mobile_month": [
    0.0,
    4.0,
    12.0,
    22.0,
    36.0,
    60.0,
    75.0,
    92.0,
    111.0,
    127.0,
    146.0,
    189.0,
    231.0,
    319.0
  ],
  "z_line_voice_cat1_cnt": null,
  "fixed_data_cat1_ind": [
    0.0,
    0.5,
    1.0
  ],
  "fixed_data_cat2_ind": [
    0.0,
    0.5,
    1.0
  ],
  "z_fixed_prod_cat2_cnt": [
    -1.0954,
    0.5386333333333333,
    2.1726666666666663,
    3.8067,
    5.440733333333333,
    7.074766666666667,
    8.7088
  ],
  "z_fixed_prod_cat1_cnt": [
    -0.159,
    3.0409,
    6.2408
  ],
  "z_fixed_data_cat3_cnt": [
    -0.2875,
    2.1754999999999995,
    4.6385,
    7.1015
  ],
  "fixed_prod_cat3_cnt": [
    0.0,
    0.6666666666666666,
    1.3333333333333333,
    2.0
  ],
  "device_smartphone_cnt": [
    0.0,
    0.9,
    1.8,
    2.7,
    3.6,
    4.5,
    5.4,
    6.3,
    7.2,
    8.1,
    9.0
  ],
  "z_mobile_voice_cat1_cnt": [
    -0.3024,
    1.3818000000000001,
    3.0660000000000003,
    4.7501999999999995,
    6.4344,
    8.1186
  ],
  "z_mobile_data_cat1_cnt": [
    -0.155,
    2.5526666666666666,
    5.260333333333333,
    7.968
  ],
  "mobile_data_cat2_cnt": [
    0.0,
    0.8,
    1.6,
    2.4000000000000004,
    3.2,
    4.0
  ],
  "z_mobile_voice_cat3_cnt": [
    -0.1979,
    2.485833333333333,
    5.169566666666666,
    7.8533
  ],
  "z_mobile_data_cat3_cnt": null,
  "z_usg_fv_3m_avg": [
    -0.301,
    -0.2955,
    -0.2791,
    -0.2354,
    -0.1534,
    0.0161,
    0.3387,
    1.0822,
    9.9991
  ],
  "z_usg_fd_mb_1m_sum": [
    -0.5597,
    -0.5538,
    -0.5406,
    -0.5265,
    -0.5103,
    -0.4915,
    -0.4691,
    -0.442,
    -0.4091,
    -0.3691,
    -0.3209,
    -0.2627,
    -0.193,
    -0.1091,
    -0.0073,
    0.1172,
    0.2741,
    0.4771,
    0.7563,
    1.1829,
    2.0011,
    9.9999
  ],
  "z_usg_fd_mb_3m_avg": [
    -0.5818,
    -0.5718,
    -0.5569,
    -0.5412,
    -0.5236,
    -0.5029,
    -0.4784,
    -0.449,
    -0.4133,
    -0.3701,
    -0.3184,
    -0.2568,
    -0.1834,
    -0.0959,
    0.0093,
    0.137,
    0.2967,
    0.5027,
    0.7867,
    1.2166,
    2.0403,
    9.9998
  ],
  "z_usg_mv_ib_a_3m_avg": [
    -0.3814,
    -0.3739,
    -0.2721,
    -0.1629,
    -0.0423,
    0.1009,
    0.2743,
    0.5041,
    0.8131,
    1.2992,
    2.2376,
    9.9965
  ],
  "z_usg_md_sms_ib_a_3m_avg": [
    -0.088,
    -0.0756,
    -0.0507,
    -0.0259,
    0.0114,
    0.0735,
    0.1978,
    0.5209,
    9.9913
  ],
  "z_usg_md_ib_mb_3m_avg": [
    -0.1015,
    -0.0945,
    -0.0834,
    -0.0666,
    -0.0421,
    -0.0026,
    0.0656,
    0.1964,
    0.4898,
    9.9991
  ],
  "payment_method_cash_cnt": [
    0.0,
    1.0,
    329.0
  ],
  "z_rev_1m_sum": [
    -9.9999,
    -0.3835,
    -0.2665,
    -0.2319,
    -0.2011,
    -0.1693,
    -0.1488,
    -0.1276,
    -0.1011,
    -0.0689,
    -0.035,
    0.0098,
    0.05929999999999999,
    0.1115,
    0.1704,
    0.23860000000000003,
    0.3162,
    0.4101,
    0.5336,
    0.7143,
    1.054,
    9.998
  ],
  "z_device_netcube_cnt": [
    -0.0912,
    4.612500000000001,
    9.3162
  ],
  "z_tariff_netcube_cnt": [
    -0.0799,
    3.1515500000000003,
    6.383
  ],
  "z_min_Prog_Max_BB_Down": [
    -0.5219,
    -0.4935,
    -0.472,
    -0.45220000000000005,
    -0.434,
    -0.4188,
    -0.4016,
    -0.379,
    -0.3539,
    -0.3239,
    -0.2887,
    -0.2491,
    -0.1998,
    -0.1491,
    -0.0627,
    0.0299,
    0.1766,
    0.2943,
    0.3996,
    0.6534,
    0.9053,
    7.3425
  ],
  "z_line_Fib2h_CNT": [
    -0.1374,
    3.52625,
    7.1899
  ],
  "z_min_Speed_Product_KBit": [
    -0.9427,
    -0.5528,
    -0.4553,
    -0.1629,
    0.032,
    1.0067,
    2.9561,
    6.3676
  ],
  "z_Max_Speed_Missing_KBit": [
    -0.2854,
    -0.207,
    -0.0029,
    0.228,
    0.5347,
    1.6152,
    9.9989
  ],
  "z_Min_Speed_Reserve_KBit": [
    -0.3636,
    -0.358,
    -0.3447,
    -0.3287,
    -0.3061,
    -0.2727,
    -0.2252,
    -0.1679,
    -0.0814,
    0.030699999999999998,
    0.1684,
    0.3069,
    0.5023,
    0.8210999999999999,
    6.9381
  ],
  "z_Max_DSL_OOS_PCT": [
    -0.3743,
    -0.1076,
    0.9157,
    2.558,
    3.6245
  ],
  "z_PR_Relocation_CNT": [
    -0.0981,
    2.7178999999999998,
    5.5339
  ],
  "z_PR_Relocation_Days": [
    -0.0973,
    9.9589
  ],
  "z_PR_ActivationSupportOpt_CNT": [
    -0.235,
    0.73398,
    1.70296,
    2.6719399999999998,
    3.64092,
    4.6099,
    5.578879999999999,
    6.547859999999999,
    7.516839999999999,
    8.48582,
    9.4548
  ],
  "z_PR_ActivationSupportOpt_Days": [
    -0.2652,
    0.1651,
    1.8006,
    3.6943,
    6.0011
  ],
  "z_PR_DeactivationThreat_CNT": null,
  "z_PR_DeactivationSupport_CNT": null,
  "z_PR_DeactivationProdOpt_CNT": [
    -0.198,
    1.53096,
    3.25992,
    4.98888,
    6.71784,
    8.4468
  ],
  "z_PR_DeactivationProdOpt_Days": [
    -0.204,
    1.7794,
    7.3956
  ],
  "z_PR_OtherWOTopic_CNT": [
    -0.1146,
    2.7659,
    5.646399999999999,
    8.5269
  ],
  "z_PR_OtherWOTopic_Days": [
    -0.1216,
    9.9887
  ],
  "z_PR_AddressChange_CNT": [
    -0.0909,
    2.6338,
    5.358499999999999,
    8.0832
  ],
  "z_PR_AddressChange_Days": [
    -0.1009,
    9.9798
  ],