{
  "z_age": [
    -3.1244,
    -1.9284,
    -1.8024999999999998,
    -1.7396,
    -1.6766,
    -1.6137,
    -1.5507,
    -1.4878,
    -1.4248,
    -1.3619,
    -1.299,
    -1.236,
    -1.1731,
    -1.1101,
    -1.0472,
    -0.9842,
    -0.9213,
    -0.8583,
    -0.7954,
    -0.7324,
    -0.6695,
    -0.6065,
    -0.5436,
    -0.4807,
    -0.4177,
    -0.3548,
    -0.2918,
    -0.2289,
    -0.1659,
    -0.103,
    -0.04,
    0.022900000000000004,
    0.0859,
    0.1488,
    0.2118,
    0.2747,
    0.3377,
    0.4006,
    0.4635,
    0.5265,
    0.5894,
    0.6524,
    0.7153,
    0.7783,
    0.8412,
    0.9042,
    0.9670999999999998,
    1.0301,
    1.156,
    1.2189,
    1.3448,
    1.4707,
    1.5966,
    1.7854,
    4.1774
  ],
  "z_census_household_1p_pct": [
    -2.9141,
    -1.5878,
    -1.3706,
    -1.2395,
    -1.1256,
    -1.0653,
    -1.0098,
    -0.9429,
    -0.8883000000000001,
    -0.8443,
    -0.7926,
    -0.7467,
    -0.7113,
    -0.6692,
    -0.6328,
    -0.6098,
    -0.5735,
    -0.5343,
    -0.4998,
    -0.474,
    -0.4366,
    -0.4099,
    -0.3821,
    -0.3591,
    -0.3209,
    -0.2759,
    -0.2443,
    -0.2175,
    -0.1811,
    -0.1419,
    -0.1084,
    -0.0759,
    -0.0242,
    0.015,
    0.061,
    0.1098,
    0.1471,
    0.1901,
    0.22749999999999998,
    0.237,
    0.2897,
    0.3346,
    0.3691,
    0.3748,
    0.415,
    0.4715,
    0.57,
    0.6246,
    0.7509,
    0.7997,
    0.8083,
    0.8715,
    0.9988,
    1.1528,
    1.3174,
    1.372,
    1.3777,
    1.4763,
    1.5404,
    1.5538,
    1.6581,
    1.727,
    1.8083,
    1.8887,
    2.5672
  ],
  "z_census_education_high_pct": [
    -1.4181,
    -1.1114,
    -1.0048,
    -0.9431,
    -0.9075,
    -0.872,
    -0.8421,
    -0.8139999999999998,
    -0.7841,
    -0.7616,
    -0.7392,
    -0.7168,
    -0.6906,
    -0.6719,
    -0.6532,
    -0.6363,
    -0.6158,
    -0.5971,
    -0.5821,
    -0.5615,
    -0.5372,
    -0.5166,
    -0.5017,
    -0.4792,
    -0.4531,
    -0.4325,
    -0.40260000000000007,
    -0.3651,
    -0.3315,
    -0.3109,
    -0.2642,
    -0.238,
    -0.2006,
    -0.1706,
    -0.1463,
    -0.10700000000000001,
    -0.0659,
    -0.0584,
    -0.0154,
    0.0295,
    0.0688,
    0.108,
    0.1641,
    0.1847,
    0.2184,
    0.24079999999999996,
    0.3138,
    0.3418,
    0.3979,
    0.4578,
    0.5756,
    0.6766,
    0.8374,
    0.8487,
    0.8954,
    1.0581,
    1.2526000000000002,
    1.3723,
    1.6604,
    2.1635,
    2.6647,
    2.8873,
    3.0332,
    4.7594
  ],
  "z_census_purchase_household": [
    -3.4114,
    -1.8294000000000001,
    -1.6569,
    -1.4853,
    -1.4177,
    -1.3858,
    -1.3232,
    -1.222,
    -1.1135000000000002,
    -1.0085,
    -0.9766999999999999,
    -0.8873,
    -0.8664,
    -0.8032,
    -0.7419,
    -0.6689,
    -0.6401,
    -0.5997,
    -0.54,
    -0.5033,
    -0.4797,
    -0.4366,
    -0.4208,
    -0.3769,
    -0.3229,
    -0.2699,
    -0.2323,
    -0.1715,
    -0.1452,
    -0.0929,
    -0.0473,
    -0.0142,
    0.0366,
    0.0893,
    0.1513,
    0.1887,
    0.23659999999999998,
    0.2754,
    0.3125,
    0.3317,
    0.3822,
    0.4572,
    0.5319,
    0.5692,
    0.6111,
    0.6708,
    0.6748,
    0.7397,
    0.7762,
    0.8565,
    0.9162,
    0.9489999999999998,
    0.9808,
    1.0629,
    1.1361,
    1.2602,
    1.4111,
    1.615,
    1.9023,
    2.2175,
    7.5813
  ],
  "z_census_purchase_capita": [
    -1.5554,
    -1.3687,
    -1.2395,
    -1.1196,
    -1.0539,
    -1.0055,
    -0.9559,
    -0.9104,
    -0.8815,
    -0.8293999999999999,
    -0.7954,
    -0.7364,
    -0.6931,
    -0.6681,
    -0.6328,
    -0.58,
    -0.5516,
    -0.5218,
    -0.4809,
    -0.44079999999999997,
    -0.4064,
    -0.3735,
    -0.3322,
    -0.3073,
    -0.2807,
    -0.2484,
    -0.2278,
    -0.22459999999999997,
    -0.2143,
    -0.19,
    -0.1456,
    -0.1064,
    -0.0864,
    -0.0413,
    -0.0121,
    0.019,
    0.0566,
    0.0895,
    0.134,
    0.1849,
    0.2064,
    0.2516,
    0.2631,
    0.34509999999999996,
    0.3709,
    0.4004,
    0.49319999999999997,
    0.5327,
    0.5376,
    0.602,
    0.615,
    0.6388,
    0.7263,
    0.7314,
    1.0041,
    1.1172,
    1.1721,
    1.4336,
    1.5844,
    1.9924,
    2.4159,
    3.5881
  ],
  "z_census_household_cnt": [
    -0.5714,
    -0.563,
    -0.5588,
    -0.5561,
    -0.5543,
    -0.5524,
    -0.5506,
    -0.5487,
    -0.547,
    -0.5451,
    -0.5437,
    -0.5416,
    -0.5398,
    -0.5379,
    -0.5361,
    -0.5337,
    -0.5317,
    -0.5296,
    -0.5268,
    -0.523,
    -0.52,
    -0.5167,
    -0.5139,
    -0.5097,
    -0.5051,
    -0.5,
    -0.49460000000000004,
    -0.49140000000000006,
    -0.4848,
    -0.4769,
    -0.4694,
    -0.45740000000000003,
    -0.4517,
    -0.4397,
    -0.4232,
    -0.4053,
    -0.3869,
    -0.3645,
    -0.3327,
    -0.3015,
    -0.268,
    -0.1752,
    -0.1168,
    0.0547,
    0.0933,
    0.4277,
    0.4513,
    0.5642,
    0.8288,
    0.9622,
    1.1019,
    1.1357,
    1.2347,
    1.4765,
    1.522,
    1.7982999999999998,
    2.286,
    2.5914,
    3.2121,
    3.9803000000000006,
    4.0065
  ],
  "multiplay_cnt": [
    1.0,
    1.8,
    2.6,
    3.4000000000000004,
    4.2,
    5.0
  ],
  "z_line_cnt": [
    -0.1555,
    2.8993333333333333,
    5.954166666666667,
    9.009
  ],
  "z_sim_cnt": [
    -0.6735,
    0.34550000000000014,
    1.3645000000000003,
    2.3835000000000006,
    3.4025000000000007,
    4.421500000000001,
    5.440500000000001,
    6.459500000000001,
    7.478500000000001,
    8.4975,
    9.5165
  ],
  "fixed_prod_cat1_ind": [
    0.0,
    0.5,
    1.0
  ],
  "tenure_fixed_month": [
    0.0,
    2.0,
    5.0,
    7.0,
    10.0,
    13.0,
    16.0,
    20.0,
    24.0,
    28.0,
    31.0,
    35.0,
    39.0,
    42.0,
    45.0,
    49.0,
    52.0,
    55.0,
    59.0,
    62.0,
    66.0,
    70.0,
    74.0,
    79.0,
    84.0,
    89.0,
    93.0,
    98.0,
    102.0,
    107.0,
    111.0,
    116.0,
    122.0,
    128.0,
    137.0,
    148.0,
    159.0,
    171.0,
    182.0,
    190.0,
    198.0,
    206.0,
    213.0,
    220.0,
    226.0,
    234.0,
    243.0,
    253.0,
    264.0,
    274.0,
    284.0,
    295.0,
    306.0,
    317.0,
    329.0,
    341.0,
    349.0,
    352.0,
    355.0,
    357.0,
    358.0,
    360.0,
    362.0,
    364.0,
    366.0,
    429.0
  ],
  "tenure_mobile_month": [
    0.0,
    1.0,
    4.0,
    7.0,
    10.0,
    13.0,
    16.0,
    19.0,
    22.0,
    26.0,
    30.0,
    35.0,
    41.0,
    50.0,
    58.0,
    64.0,
    69.0,
    74.0,
    79.0,
    84.0,
    90.0,
    96.0,
    102.0,
    108.0,
    114.0,
    119.0,
    124.0,
    129.0,
    135.0,
    141.0,
    149.0,
    159.0,
    174.0,
    193.0,
    209.0,
    222.0,
    232.0,
    243.0,
    257.0,
    319.0
  ],
  "z_line_voice_cat1_cnt": null,
  "fixed_data_cat1_ind": [
    0.0,
    0.5,
    1.0
  ],
  "fixed_data_cat2_ind": [
    0.0,
    0.5,
    1.0
  ],
  "z_fixed_prod_cat2_cnt": [
    -1.0954,
    0.5386333333333333,
    2.1726666666666663,
    3.8067,
    5.440733333333333,
    7.074766666666667,
    8.7088
  ],
  "z_fixed_prod_cat1_cnt": [
    -0.159,
    3.0409,
    6.2408
  ],
  "z_fixed_data_cat3_cnt": [
    -0.2875,
    2.1754999999999995,
    4.6385,
    7.1015
  ],
  "fixed_prod_cat3_cnt": [
    0.0,
    0.6666666666666666,
    1.3333333333333333,
    2.0
  ],
  "device_smartphone_cnt": [
    0.0,
    0.9,
    1.8,
    2.7,
    3.6,
    4.5,
    5.4,
    6.3,
    7.2,
    8.1,
    9.0
  ],
  "z_mobile_voice_cat1_cnt": [
    -0.3024,
    1.3818000000000001,
    3.0660000000000003,
    4.7501999999999995,
    6.4344,
    8.1186
  ],
  "z_mobile_data_cat1_cnt": [
    -0.155,
    2.5526666666666666,
    5.260333333333333,
    7.968
  ],
  "mobile_data_cat2_cnt": [
    0.0,
    0.8,
    1.6,
    2.4000000000000004,
    3.2,
    4.0
  ],
  "z_mobile_voice_cat3_cnt": [
    -0.1979,
    2.485833333333333,
    5.169566666666666,
    7.8533
  ],
  "z_mobile_data_cat3_cnt": null,