{
  "z_age": [
    -3.1244,
    -1.5507,
    -1.1731,
    -0.7954,
    -0.4807,
    -0.2289,
    -0.04,
    0.2118,
    0.4006,
    0.7153,
    1.156,
    4.1774
  ],
  "z_census_household_1p_pct": [
    -2.9141,
    -1.0701,
    -0.7553,
    -0.5438,
    -0.3649,
    -0.1582,
    0.08579999999999999,
    0.3117,
    0.6227,
    1.0657,
    1.5404,
    2.5672
  ],
  "z_census_education_high_pct": [
    -1.4181,
    -0.8739,
    -0.7224,
    -0.6008,
    -0.49050000000000005,
    -0.3184,
    -0.1613,
    0.0538,
    0.2577,
    0.6766,
    1.3723,
    4.7594
  ],
  "z_census_purchase_household": [
    -3.4114,
    -1.3232,
    -0.8703,
    -0.5494,
    -0.3569,
    -0.065,
    -0.0473,
    0.2579,
    0.5494,
    0.7832,
    1.157,
    7.5813
  ],
  "z_census_purchase_capita": [
    -1.5554,
    -0.9573,
    -0.7065,
    -0.4928,
    -0.2929,
    -0.22459999999999997,
    -0.0905,
    0.1147,
    0.3451,
    0.615,
    1.1172,
    3.5881
  ],
  "z_census_household_cnt": [
    -0.5714,
    -0.5639,
    -0.5489,
    -0.5382,
    -0.5242,
    -0.503,
    -0.46420000000000006,
    -0.3796,
    -0.0771,
    0.9136,
    1.522,
    4.0065
  ],
  "multiplay_cnt": [
    1.0,
    1.8,
    2.6,
    3.4000000000000004,
    4.2,
    5.0
  ],
  "z_line_cnt": [
    -0.1555,
    2.8993333333333333,
    5.954166666666667,
    9.009
  ],
  "z_sim_cnt": [
    -0.6735,
    0.34550000000000014,
    1.3645000000000003,
    2.3835000000000006,
    3.4025000000000007,
    4.421500000000001,
    5.440500000000001,
    6.459500000000001,
    7.478500000000001,
    8.4975,
    9.5165
  ],
  "fixed_prod_cat1_ind": [
    0.0,
    0.5,
    1.0
  ],
  "tenure_fixed_month": [
    0.0,
    16.0,
    38.0,
    58.0,
    83.0,
    109.0,
    153.0,
    209.0,
    256.0,
    320.0,
    357.0,
    429.0
  ],
  "tenure_mobile_month": [
    0.0,
    8.0,
    28.0,
    66.0,
    98.0,
    130.0,
    195.0,
    319.0
  ],
  "z_line_voice_cat1_cnt": null,
  "fixed_data_cat1_ind": [
    0.0,
    0.5,
    1.0
  ],
  "fixed_data_cat2_ind": [
    0.0,
    0.5,
    1.0
  ],
  "z_fixed_prod_cat2_cnt": [
    -1.0954,
    0.5386333333333333,
    2.1726666666666663,
    3.8067,
    5.440733333333333,
    7.074766666666667,
    8.7088
  ],
  "z_fixed_prod_cat1_cnt": [
    -0.159,
    3.0409,
    6.2408
  ],
  "z_fixed_data_cat3_cnt": [
    -0.2875,
    2.1754999999999995,
    4.6385,
    7.1015
  ],
  "fixed_prod_cat3_cnt": [
    0.0,
    0.6666666666666666,
    1.3333333333333333,
    2.0
  ],
  "device_smartphone_cnt": [
    0.0,
    0.9,
    1.8,
    2.7,
    3.6,
    4.5,
    5.4,
    6.3,
    7.2,
    8.1,
    9.0
  ],
  "z_mobile_voice_cat1_cnt": [
    -0.3024,
    1.3818000000000001,
    3.0660000000000003,
    4.7501999999999995,
    6.4344,
    8.1186
  ],
  "z_mobile_data_cat1_cnt": [
    -0.155,
    2.5526666666666666,
    5.260333333333333,
    7.968
  ],
  "mobile_data_cat2_cnt": [
    0.0,
    0.8,
    1.6,
    2.4000000000000004,
    3.2,
    4.0
  ],
  "z_mobile_voice_cat3_cnt": [
    -0.1979,
    2.485833333333333,
    5.169566666666666,
    7.8533
  ],
  "z_mobile_data_cat3_cnt": null,
  "z_usg_fv_3m_avg": [
    -0.301,
    -0.2682,
    -0.126,
    0.3824,
    9.9991
  ],
  "z_usg_fd_mb_1m_sum": [
    -0.5597,
    -0.5418,
    -0.5134,
    -0.4756,
    -0.4218,
    -0.3439,
    -0.2327,
    -0.0744,
    0.1564,
    0.5209,
    1.2344,
    9.9999
  ],
  "z_usg_fd_mb_3m_avg": [
    -0.5818,
    -0.5582,
    -0.527,
    -0.48549999999999993,
    -0.4271,
    -0.3431,
    -0.2251,
    -0.059800000000000006,
    0.1769,
    0.5475,
    1.2686,
    9.9998
  ],
  "z_usg_mv_ib_a_3m_avg": [
    -0.3814,
    -0.3324,
    -0.12139999999999998,
    0.1461,
    0.5531,
    1.3558,
    9.9965
  ],
  "z_usg_md_sms_ib_a_3m_avg": [
    -0.088,
    -0.0756,
    -0.050699999999999995,
    0.0114,
    0.2102,
    9.9913
  ],
  "z_usg_md_ib_mb_3m_avg": [
    -0.1015,
    -0.091,
    -0.06079999999999999,
    0.0071,
    0.2132,
    9.9991
  ],
  "payment_method_cash_cnt": [
    0.0,
    1.0,
    329.0
  ],
  "z_rev_1m_sum": [
    -9.9999,
    -0.2722,
    -0.2055,
    -0.1539,
    -0.1111,
    -0.0522,
    0.0324,
    0.1317,
    0.2587,
    0.43,
    0.7356,
    9.998
  ],
  "z_device_netcube_cnt": [
    -0.0912,
    4.612500000000001,
    9.3162
  ],
  "z_tariff_netcube_cnt": [
    -0.0799,
    3.1515500000000003,
    6.383
  ],
  "z_min_Prog_Max_BB_Down": [
    -0.5219,
    -0.47339999999999993,
    -0.4373,
    -0.4063,
    -0.3624,
    -0.3049,
    -0.2263,
    -0.1206,
    0.0692,
    0.3115,
    0.683,
    7.3425
  ],
  "z_line_Fib2h_CNT": [
    -0.1374,
    3.52625,
    7.1899
  ],
  "z_min_Speed_Product_KBit": [
    -0.9427,
    -0.5528,
    -0.45530000000000004,
    -0.1629,
    0.032,
    0.5194,
    1.0067,
    6.3676
  ],
  "z_Max_Speed_Missing_KBit": [
    -0.2854,
    0.0411,
    0.5883,
    9.9989
  ],
  "z_Min_Speed_Reserve_KBit": [
    -0.3636,
    -0.363,
    -0.3363,
    -0.2922,
    -0.2085,
    -0.0557,
    0.1918,
    0.5337,
    6.9381
  ],
  "z_Max_DSL_OOS_PCT": [
    -0.3743,
    1.0445,
    3.6245
  ],
  "z_PR_Relocation_CNT": [
    -0.0981,
    2.7178999999999998,
    5.5339
  ],
  "z_PR_Relocation_Days": [
    -0.0973,
    9.9589
  ],
  "z_PR_ActivationSupportOpt_CNT": [
    -0.235,
    0.73398,
    1.70296,
    2.6719399999999998,
    3.64092,
    4.6099,
    5.578879999999999,
    6.547859999999999,
    7.516839999999999,
    8.48582,
    9.4548
  ],
  "z_PR_ActivationSupportOpt_Days": [
    -0.2652,
    1.9727,
    6.0011
  ],
  "z_PR_DeactivationThreat_CNT": null,
  "z_PR_DeactivationSupport_CNT": null,
  "z_PR_DeactivationProdOpt_CNT": [
    -0.198,
    1.53096,
    3.25992,
    4.98888,
    6.71784,
    8.4468
  ],
  "z_PR_DeactivationProdOpt_Days": [
    -0.204,
    7.3956
  ],
  "z_PR_OtherWOTopic_CNT": [
    -0.1146,
    2.7659,
    5.646399999999999,
    8.5269
  ],
  "z_PR_OtherWOTopic_Days": [
    -0.1216,
    9.9887
  ],
  "z_PR_AddressChange_CNT": [
    -0.0909,
    2.6338,
    5.358499999999999,
    8.0832
  ],
  "z_PR_AddressChange_Days": [
    -0.1009,
    9.9798
  ],
  "z_PR_ServiceDisruption_CNT": [
    -0.3854,
    0.5593600000000001,
    1.5041200000000003,
    2.4488800000000004,
    3.3936400000000004,
    4.338400000000001,
    5.283160000000001,
    6.227920000000001,
    7.1726800000000015,
    8.11744,
    9.0622
  ],
  "z_PR_ServiceDisruption_Days": [
    -0.4208,
    0.6604,
    2.1529,
    3.857
  ],
  "z_PR_BasketSupport_CNT": [
    -0.0926,
    2.43725,
    4.9671
  ],
  "z_PR_BasketSupport_Days": [
    -0.1012,
    9.9706
  ],
  "z_PR_SellingSalesSupport_CNT": [
    -0.2405,
    0.7516,
    9.68
  ],
  "z_PR_SellingSalesSupport_Days": [
    -0.26,
    0.7966,
    6.862
  ],
  "z_PR_DigitalUsage_CNT": [
    -0.181,
    -0.1672,
    -0.1534,
    -0.1395,
    -0.1119,
    -0.0566,
    0.1092,
    0.6758,
    9.9904
  ],
  "z_PR_DigitalUsage_Days": [
    -0.5878,
    -0.576,
    -0.4935999999999999,
    -0.35219999999999996,
    -0.1048,
    0.2722,
    0.8848,
    1.8626,
    3.7003
  ],
  "z_TNPS_Last_Days": [
    -0.3377,
    0.4195,
    2.2768,
    4.8627
  ],
  "z_TNPS_Score_Avg": [
    -0.3868,
    1.874,
    2.843
  ]
}