{
  "z_age": [
    -3.1244,
    -1.8025,
    -1.6766,
    -1.5507,
    -1.4248,
    -1.299,
    -1.1731,
    -1.0472,
    -0.9213,
    -0.7954,
    -0.7324,
    -0.6065,
    -0.4807,
    -0.4177,
    -0.3548,
    -0.2289,
    -0.1659,
    -0.103,
    -0.04,
    0.0229,
    0.0859,
    0.2118,
    0.2747,
    0.3377,
    0.4006,
    0.5265,
    0.6524,
    0.7153,
    0.8412,
    0.9671,
    1.156,
    1.3448,
    1.5966,
    4.1774
  ],
  "z_census_household_1p_pct": [
    -2.9141,
    -1.5878,
    -1.2414,
    -1.0701,
    -0.9486,
    -0.8481000000000001,
    -0.7552999999999999,
    -0.6778,
    -0.6194,
    -0.5438,
    -0.4835,
    -0.4156,
    -0.3649,
    -0.296,
    -0.229,
    -0.1582,
    -0.0902,
    0.0026,
    0.08579999999999999,
    0.1653,
    0.2294,
    0.3117,
    0.3748,
    0.4236,
    0.6227,
    0.7767,
    0.8208,
    1.0657,
    1.3174,
    1.3777,
    1.5404,
    1.6581,
    1.8083,
    2.5672
  ],
  "z_census_education_high_pct": [
    -1.4181,
    -1.1207,
    -0.9448999999999999,
    -0.8739,
    -0.8178,
    -0.7635,
    -0.7223999999999999,
    -0.6756,
    -0.6401000000000001,
    -0.6008,
    -0.5709,
    -0.5204,
    -0.49050000000000005,
    -0.4437,
    -0.3876,
    -0.3184,
    -0.2642,
    -0.2174,
    -0.1613,
    -0.0827,
    -0.0453,
    0.0538,
    0.1529,
    0.19029999999999997,
    0.2577,
    0.3774,
    0.4727,
    0.6766,
    0.8487,
    1.0581,
    1.3723,
    2.1635,
    2.8873,
    4.7594
  ],
  "z_census_purchase_household": [
    -3.4114,
    -1.663,
    -1.4259,
    -1.3232,
    -1.1275,
    -0.9905,
    -0.8703,
    -0.7507,
    -0.6401000000000001,
    -0.5494,
    -0.4922,
    -0.4366,
    -0.3569,
    -0.2323,
    -0.1558,
    -0.065,
    -0.0473,
    0.05510000000000001,
    0.1737,
    0.2579,
    0.3225,
    0.40560000000000007,
    0.5494,
    0.6298,
    0.6748,
    0.7832,
    0.9162000000000001,
    0.9808000000000001,
    1.157,
    1.4318999999999997,
    1.9199,
    7.5813
  ],
  "z_census_purchase_capita": [
    -1.5554,
    -1.2395,
    -1.0648,
    -0.9573,
    -0.8852,
    -0.8012,
    -0.7065,
    -0.6374,
    -0.5599,
    -0.4928,
    -0.4204,
    -0.3401,
    -0.2929,
    -0.2374,
    -0.22459999999999997,
    -0.1655,
    -0.0905,
    -0.0285,
    0.0243,
    0.1147,
    0.1856,
    0.2516,
    0.3451,
    0.4065,
    0.5327,
    0.615,
    0.6413,
    0.7314,
    1.1172,
    1.4748,
    2.0049,
    3.5881
  ],
  "z_census_household_cnt": [
    -0.5714,
    -0.5639,
    -0.5564,
    -0.5526,
    -0.5489,
    -0.5454,
    -0.5419,
    -0.5382,
    -0.5345,
    -0.5301,
    -0.5242,
    -0.5181,
    -0.512,
    -0.503,
    -0.4928,
    -0.4809,
    -0.46420000000000006,
    -0.4496,
    -0.4149,
    -0.3796,
    -0.3196,
    -0.2012,
    -0.0771,
    0.1906,
    0.4725,
    0.9136,
    1.1158,
    1.2347,
    1.522,
    2.286,
    3.2121,
    4.0065
  ],
  "multiplay_cnt": [
    1.0,
    1.8,
    2.6,
    3.4000000000000004,
    4.2,
    5.0
  ],
  "z_line_cnt": [
    -0.1555,
    2.8993333333333333,
    5.954166666666667,
    9.009
  ],
  "z_sim_cnt": [
    -0.6735,
    0.34550000000000014,
    1.3645000000000003,
    2.3835000000000006,
    3.4025000000000007,
    4.421500000000001,
    5.440500000000001,
    6.459500000000001,
    7.478500000000001,
    8.4975,
    9.5165
  ],
  "fixed_prod_cat1_ind": [
    0.0,
    0.5,
    1.0
  ],
  "tenure_fixed_month": [
    0.0,
    5.0,
    10.0,
    16.0,
    23.0,
    31.0,
    38.0,
    45.0,
    51.0,
    58.0,
    65.0,
    73.0,
    83.0,
    92.0,
    100.0,
    109.0,
    119.0,
    132.0,
    153.0,
    176.0,
    194.0,
    209.0,
    222.0,
    237.0,
    256.0,
    276.0,
    297.0,
    320.0,
    343.0,
    353.0,
    357.0,
    360.0,
    364.0,
    429.0
  ],
  "tenure_mobile_month": [
    0.0,
    3.0,
    8.0,
    14.0,
    20.0,
    28.0,
    38.0,
    54.0,
    66.0,
    75.0,
    86.0,
    98.0,
    109.0,
    120.0,
    130.0,
    142.0,
    160.0,
    195.0,
    223.0,
    243.0,
    319.0
  ],
  "z_line_voice_cat1_cnt": null,
  "fixed_data_cat1_ind": [
    0.0,
    0.5,
    1.0
  ],
  "fixed_data_cat2_ind": [
    0.0,
    0.5,
    1.0
  ],
  "z_fixed_prod_cat2_cnt": [
    -1.0954,
    0.5386333333333333,
    2.1726666666666663,
    3.8067,
    5.440733333333333,
    7.074766666666667,
    8.7088
  ],
  "z_fixed_prod_cat1_cnt": [
    -0.159,
    3.0409,
    6.2408
  ],
  "z_fixed_data_cat3_cnt": [
    -0.2875,
    2.1754999999999995,
    4.6385,
    7.1015
  ],
  "fixed_prod_cat3_cnt": [
    0.0,
    0.6666666666666666,
    1.3333333333333333,
    2.0
  ],
  "device_smartphone_cnt": [
    0.0,
    0.9,
    1.8,
    2.7,
    3.6,
    4.5,
    5.4,
    6.3,
    7.2,
    8.1,
    9.0
  ],
  "z_mobile_voice_cat1_cnt": [
    -0.3024,
    1.3818000000000001,
    3.0660000000000003,
    4.7501999999999995,
    6.4344,
    8.1186
  ],
  "z_mobile_data_cat1_cnt": [
    -0.155,
    2.5526666666666666,
    5.260333333333333,
    7.968
  ],
  "mobile_data_cat2_cnt": [
    0.0,
    0.8,
    1.6,
    2.4000000000000004,
    3.2,
    4.0
  ],
  "z_mobile_voice_cat3_cnt": [
    -0.1979,
    2.485833333333333,
    5.169566666666666,
    7.8533
  ],
  "z_mobile_data_cat3_cnt": null,
  "z_usg_fv_3m_avg": [
    -0.301,
    -0.2955,
    -0.2901,
    -0.2682,
    -0.2409,
    -0.1971,
    -0.126,
    -0.0222,
    0.1364,
    0.3824,
    0.8034,
    1.6672,
    9.9991
  ],
  "z_usg_fd_mb_1m_sum": [
    -0.5597,
    -0.5586,
    -0.5502,
    -0.5418,
    -0.5331,
    -0.5237,
    -0.5134,
    -0.5022,
    -0.4896,
    -0.4756,
    -0.4598,
    -0.442,
    -0.4218,
    -0.3989,
    -0.3731,
    -0.3439,
    -0.3111,
    -0.2741,
    -0.2327,
    -0.1861,
    -0.1336,
    -0.0744,
    -0.0073,
    0.069,
    0.1564,
    0.2583,
    0.3777,
    0.5209,
    0.6976,
    0.9242,
    1.2344,
    1.7028000000000003,
    2.598,
    9.9999
  ],
  "z_usg_fd_mb_3m_avg": [
    -0.5818,
    -0.5777,
    -0.5676,
    -0.5582,
    -0.5485,
    -0.5382,
    -0.527,
    -0.5146,
    -0.5009,
    -0.48549999999999993,
    -0.46829999999999994,
    -0.449,
    -0.4271,
    -0.4023,
    -0.3744,
    -0.3431,
    -0.308,
    -0.2688,
    -0.2251,
    -0.176,
    -0.12130000000000002,
    -0.059800000000000006,
    0.0093,
    0.0874,
    0.1769,
    0.2805,
    0.402,
    0.5475,
    0.7274,
    0.9564000000000001,
    1.2686,
    1.7418,
    2.6433,
    9.9998
  ],
  "z_usg_mv_ib_a_3m_avg": [
    -0.3814,
    -0.3776,
    -0.3324,
    -0.2646,
    -0.193,
    -0.12139999999999998,
    -0.0423,
    0.04440000000000001,
    0.1461,
    0.2592,
    0.3911,
    0.5531,
    0.7491,
    1.0053,
    1.3558,
    1.8984,
    2.9309,
    9.9965
  ],
  "z_usg_md_sms_ib_a_3m_avg": [
    -0.088,
    -0.0756,
    -0.0632,
    -0.05070000000000001,
    -0.0383,
    -0.0135,
    0.0114,
    0.0611,
    0.1232,
    0.2102,
    0.3967,
    0.8441,
    9.9913
  ],
  "z_usg_md_ib_mb_3m_avg": [
    -0.1015,
    -0.1013,
    -0.0969,
    -0.091,
    -0.0834,
    -0.0734,
    -0.06080000000000001,
    -0.0448,
    -0.0231,
    0.0071,
    0.05,
    0.1143,
    0.2132,
    0.3761,
    0.7438,
    9.9991
  ],
  "payment_method_cash_cnt": [
    0.0,
    14.304347826086957,
    28.608695652173914,
    42.913043478260875,
    57.21739130434783,
    71.52173913043478,
    85.82608695652175,
    100.1304347826087,
    114.43478260869566,
    128.73913043478262,
    143.04347826086956,
    157.34782608695653,
    171.6521739130435,
    185.95652173913044,
    200.2608695652174,
    214.56521739130434,
    228.8695652173913,
    243.17391304347828,
    257.47826086956525,
    271.7826086956522,
    286.0869565217391,
    300.3913043478261,
    314.69565217391306,
    329.0
  ],